id;nombre;apellido;nro_documento;fecha_nacimiento;telefono;email;direccion;activo;fecha_alta;fecha_baja;tipo_documento_id;sexo_id
1;optimal coarse;pace;premeditation which;2026-04-23;among since;"Q+'`W@Z#F.W&w,jW";um;false;2026-04-24;2026-04-24;1;1
2;despite;bench worthless;celsius near;2026-04-24;rebuff vainly;"]vd.@L9.[E}s,w";whoever;true;2026-04-23;2026-04-24;2;2
3;queasily diligently;sprinkles;uh-huh blah;2026-04-24;anenst shore deceivingly;"Cs#@0A.WUq|1";male alongside;false;2026-04-23;2026-04-24;3;3
4;trusty blah;arrogantly;atrium;2026-04-24;till genuine as;"*$sh@c.e";sunny without kindly;true;2026-04-24;2026-04-24;4;4
5;frail penalise;mammoth cripple exhausted;erXXX;2026-04-24;shirk yowza;"EJ:.NZ@6`IpU[.8+`qcO";amazing mmm immediately;false;2026-04-24;2026-04-24;5;5
6;into;an;excepting;2026-04-24;around;"k:P@V2xpdm.,i62ST";geez;true;2026-04-24;2026-04-24;6;6
7;horse bah;but;jovially because;2026-04-24;because a;"Z\XA@;9YQO+.K;";ew insert soft;true;2026-04-23;2026-04-24;7;7
8;psst sonar;hastily;since;2026-04-23;meanwhile tune-up;"AI`z@w8.xU";rot notwithstanding merrily;false;2026-04-24;2026-04-24;8;8
9;abaft below noteworthy;unto um fail;obediently behest valiantly;2026-04-24;authentic well-to-do small;"\iXA@+.+:.";fully all typeface;false;2026-04-24;2026-04-24;9;9
10;frantically sweatshop;out ethical;steep apud;2026-04-24;coordination unkempt round;"6kVd.@q.jrs9'";but blah;true;2026-04-24;2026-04-23;10;10
11;unto noisily;after past;confute;2026-04-24;sarcastic;"|7LMQ+@2K+w$K.q!ui`A";serene;false;2026-04-24;2026-04-24;11;11
12;mechanically;starboard gently gently;tender where legislature;2026-04-24;part;"0@`.f<{9Z+";trouser;false;2026-04-24;2026-04-24;12;12
13;even thoughtfully;throughout spew limply;shout newsstand that;2026-04-24;desk council;"_W$.wU@u.&QV&.pbrBgQ";dereference;false;2026-04-24;2026-04-24;13;13
14;lovingly ah qua;why;till until;2026-04-23;meh if;";uCrT@=$pn;.Zv>";with;true;2026-04-24;2026-04-24;14;14
15;compromise;finally digital since;however;2026-04-23;whole ingratiate round;"Sz`Isk@(YD.:0%";round;false;2026-04-24;2026-04-24;15;15
16;bashfully stitcher if;greedily;weakly tomorrow;2026-04-24;vein;"3!{g@bN3.{}n";consistency overspend;true;2026-04-24;2026-04-24;16;16
17;smoothly;tame safely;rejoin although hence;2026-04-24;atop;"]R%ow@hv.kTQ";whitewash meanwhile;false;2026-04-24;2026-04-24;17;17
18;nun;always stack for;bicycle a meh;2026-04-24;arraign essence;"`2S@*Iz^.=,2XzC";beret while gadzooks;true;2026-04-24;2026-04-23;18;18
19;dissemble along;overproduce;legislature silent;2026-04-24;ultimate;"#@#s`ba.M?";jam-packed;true;2026-04-24;2026-04-24;19;19
20;famously from;ah;cuckoo;2026-04-24;order against;"kx@q15sH:..V";gleefully rudely jovially;true;2026-04-24;2026-04-23;20;20
21;penalise;cinch;thatX;2026-04-24;toaster accelerator;"ji@<FNg.qYL";jazz duh;true;2026-04-24;2026-04-24;21;21
22;until;loyally antique woot;ugh till;2026-04-23;fair ouch garage;"yi}@#K.Fe?hv'";gah ramp celsius;true;2026-04-24;2026-04-24;22;22
23;publicity yippee;oh categorise;how as;2026-04-24;geez aha;"$],#&@x:y?ZQ.pI?";furthermore;false;2026-04-24;2026-04-24;23;23
24;faithfully foolhardy equally;boo questionably bah;eekXX;2026-04-23;plait;"<*Iej@TAt.Yc";amongst hopelessly;false;2026-04-24;2026-04-23;24;24
25;writ;unlucky if;avaricious violently forceful;2026-04-24;phew;"c%u)+C@PT.\$.|z";meaningfully;true;2026-04-24;2026-04-24;25;25
26;with during but;kiss hm;duhXX;2026-04-23;hence drat lest;;against shear;false;2026-04-24;2026-04-24;26;26
27;along minister ick;eek awkwardly;decryption;2026-04-24;miscalculate gosh;"?Gx@-*qDrZ.*M";however;false;2026-04-24;2026-04-24;27;27
28;blah plain;jagged smoke;apropos brace alongside;2026-04-24;supplier descent;"n@lZ/h.a";yum wearily;false;2026-04-23;2026-04-24;28;28
29;deed;likewise;since diagram teriyaki;2026-04-24;modulo ah if;"&|@#va,U8.wd\}IL";opposite;false;2026-04-24;2026-04-24;29;29
30;interestingly despite around;funny duh crafty;gahXX;2026-04-24;safely;"uLSCOg@jBF)e-.V4UA";amid till;true;2026-04-23;2026-04-24;30;30
